SEX,EDUCATION,MARRIAGE,AGE,PAY_1,PAY_2,PAY_3,PAY_4,PAY_5,PAY_6,LIMIT_BAL,LIMIT_BAL.lower,LIMIT_BAL.upper
M,university,,62.98601712803756,-2.0,8.0,-1.085903051288918,-1.2226814167940898,6.463453689961326,5.817064337891925,114513.48,-31721.883,335144.0
